case_id,empty_status_2d,empty_status_3d,dice_2d,dice_3d,dice_delta,jaccard_2d,jaccard_3d,jaccard_delta,asd_2d,asd_3d,asd_delta,hd95_2d,hd95_3d,hd95_delta
23G5K6IOGZGUOK7SJEUM,none,none,0.8749312340928037,0.9277485094731568,-0.05281727538035308,0.7776691173070699,0.8652340590520551,-0.08756494174498519,15.164046418244672,7.230684968072597,7.933361450172074,85.35455291629727,4.58257569495584,80.77197722134143
4URSJYI2QUH1T5S5PP47,none,none,0.8878163049295926,0.9348176301109544,-0.0470013251813618,0.7982640897045241,0.8776127511463877,-0.07934866144186359,6.046770992213423,1.6240716630908705,4.422699329122553,33.83784863137726,5.477225575051661,28.3606230563256
6HDYMTGBRI27MN763XTS,none,none,0.833552837103431,0.8882128715417053,-0.054660034438274274,0.7146083111330296,0.798905517797622,-0.0842972066645924,10.363973453405787,2.2166578727553192,8.147315580650467,58.87529143537676,5.830951894845301,53.04433954053146
8E00BQQJ7T5TQSSGZVGE,none,none,0.8298051171308499,0.8837515074194827,-0.053946390288632795,0.7091170276666112,0.7917157454577579,-0.08259871779114669,3.811717381876691,3.0620980671149454,0.7496193147617456,19.949937343260004,17.378147196982766,2.5717901462772375
8ISA3BO39HPSNJI0R8NH,none,none,0.8075160158910605,0.8734417634155476,-0.0659257475244871,0.6771713722381446,0.7753187851732244,-0.09814741293507978,17.228514215094936,5.8367457884276295,11.391768426667307,56.4003546088143,50.6458290484024,5.754525560411899
8NPX269KV6D4KOELNP9K,none,none,0.7949557866452057,0.9357337835492371,-0.14077799690403137,0.6596901406895943,0.8792290585618977,-0.2195389178723034,18.72757919706985,6.180233975354046,12.547345221715805,60.44832503882965,3.7416573867739413,56.70666765205571
9A18LTR49JLKPEZ7JNT5,none,none,0.8145881977547663,0.9199212442075497,-0.10533304645278341,0.6871773979404393,0.8517168209022004,-0.16453942296176105,9.22060658647366,1.6862803207336698,7.534326265739991,32.046840717924134,4.123105625617661,27.923735092306472
A878KB79QDIBFOTWB0T8,none,none,0.8185852534196368,0.9333597730254126,-0.11477451960577578,0.6928855897465763,0.8750464771732727,-0.18216088742669634,11.041354184240129,1.8032789070085231,9.238075277231605,44.728625862747016,5.196152422706632,39.532473440040384
AY8LY0Z1KBIZ6LMDOAZO,none,none,0.78590587201419,0.898813383081534,-0.11290751106734398,0.6473187324594124,0.8162225814156293,-0.1689038489562169,11.459296740971995,1.7832861466280328,9.676010594343962,51.58488150611572,7.280109889280518,44.304771616835204
BFZ0ZTFDZRFG9MCSV1GX,none,none,0.8650354429603663,0.9020250098094409,-0.03698956684907462,0.7621695652035755,0.8215351149782474,-0.0593655497746719,7.1569271096849825,1.8574339366723294,5.299493173012653,29.444863728670914,9.643650760992955,19.80121296767796
BP5NOS0LX7U5IXFES424,none,none,0.6836281592780165,0.8985975007026707,-0.2149693414246543,0.519327547224856,0.8158665894402423,-0.2965390422153863,10.017546475069986,1.4346988662520919,8.582847608817895,41.7612260356422,5.0,36.7612260356422
C26SF3UO4WM0Z4K04CIB,none,none,0.7591334997713607,0.9023525963818506,-0.14321909661048993,0.6117769313874494,0.8220787416864896,-0.21030181029904027,18.896634069517116,1.4230467347104105,17.473587334806705,94.18067742376883,4.898979485566356,89.28169793820247
D27523DQLTWE8UXKOPLP,none,none,0.7785237524117432,0.9087614217079356,-0.1302376692961924,0.6373629892099,0.8327797786715623,-0.1954167894616623,34.23847107266092,2.2066284941459817,32.03184257851494,193.13363246816502,8.700534732310093,184.43309773585491
DD3MZ7M8J7MVQ38NZWBZ,none,none,0.8082556299345494,0.9197309012840368,-0.11147527134948743,0.6782122494022439,0.85139054924116,-0.17317829983891608,13.39678704485261,1.4747231741746551,11.922063870677956,54.96362433464518,4.358898943540674,50.60472539110451
DN9MLO9S6NWF7GYPC8ZD,none,none,0.826600320485789,0.8635911590996732,-0.03699083861388419,0.7044490764033637,0.7599299899985712,-0.05548091359520746,8.522841173460932,2.746688375097302,5.776152798363631,45.2658811910251,14.177446878757825,31.088434312267275
DOCC2KQNQCEUHPZ9FAFF,none,none,0.8654276179025316,0.9344205839667429,-0.06899296606421124,0.7627786746427121,0.8769131328054665,-0.11413445816275436,17.712510425727068,2.630801302581189,15.08170912314588,93.84295312371243,5.0990195135927845,88.74393361011965
EJ2SQFVAC1DLV39LYGPH,none,none,0.7529059171357985,0.9297955506159917,-0.17688963348019326,0.6037282411015849,0.8688017987134762,-0.26507355761189133,23.22154412067696,1.7876235987112667,21.433920521965693,88.46468221838589,5.0990195135927845,83.36566270479311
EMBIHZTK2UAOEFFJKR6U,none,none,0.6923326756648674,0.9052071771834211,-0.2128745015185537,0.5294409845538318,0.8268296597474856,-0.29738867519365375,24.916235842209602,1.5045098230579204,23.411726019151683,80.64707013458309,5.744562646538029,74.90250748804506
EYFKUIESSPFWI4NEHS9L,none,none,0.7855879729001599,0.8734332186789483,-0.08784524577878838,0.6468875104738852,0.7753053198095632,-0.12841780933567803,18.161206879722812,3.0048078252459507,15.15639905447686,65.98484674529449,15.033296378372908,50.95155036692158
FNGIIDQMPBSHC7X69OP1,none,none,0.7894515275439018,0.911338594123552,-0.1218870665796502,0.6521436733071687,0.837118491759025,-0.18497481845185626,14.998327013834952,1.8555850790410324,13.14274193479392,62.14981854871405,6.6332495807108,55.516568968003256
GCAGURFT38WSQCUVCBY0,none,none,0.7919469933370736,0.9270833050794589,-0.13513631174238527,0.655556493770678,0.8640776208148365,-0.20852112704415848,26.876605880575852,3.6096429638986143,23.266962916677237,136.7845020461017,19.949937343260004,116.83456470284169
GT8QWVDGJSPJ2HR7KHIV,none,none,0.7813552715473514,0.9198398266012747,-0.13848455505392332,0.6411673995746592,0.8515772468327523,-0.21040984725809309,15.807001153301782,1.3319263048401302,14.475074848461652,72.91090453423274,3.1622776601683795,69.74862687406436
HQTRB9LB3EVSJPJZDGGN,none,none,0.7367881778206059,0.8981509822122984,-0.16136280439169248,0.5832657396678255,0.815130719103068,-0.23186497943524254,17.266562093810233,2.2119685194195142,15.054593574390719,66.10597552415364,5.0990195135927845,61.00695601056085
JBDRUBWZBRLRDYIE4W7Q,none,none,0.6605606684847448,0.9291226727795565,-0.2685620042948117,0.4931620663531497,0.8676275509457058,-0.3744654845925561,29.64705911800029,1.6959960488339014,27.951063069166388,110.11448563750409,5.744562646538029,104.36992299096606
JG24TOFCDWAFMJ5O807R,none,none,0.8653402929103532,0.9253109147163682,-0.05997062180601498,0.7626430087395222,0.8610033612392743,-0.09836035249975217,7.634114922734293,1.243423909176886,6.390691013557407,31.160872901765767,3.7416573867739413,27.419215514991826
LCEN6QGISJXG5JUUAS03,none,none,0.8271137745092784,0.9139198986681286,-0.08680612415885025,0.7051952325241299,0.8414848016710547,-0.1362895691469248,12.67113922880808,5.976150721654734,6.694988507153346,53.823786563191554,8.717797887081348,45.10598867611021
M2YZZ592ETSE09NBC233,none,none,0.7896657059896592,0.9028787642616347,-0.11321305827197548,0.6524360334971328,0.8229525916103475,-0.17051655811321476,23.181616725241316,10.538891434868441,12.642725290372875,124.53513560437472,15.684387141358123,108.8507484630166
MKVZDR7UDH5HES9U96GW,none,none,0.6508128775390902,0.8723377128395392,-0.22152483530044897,0.4823740656166442,0.773580639143437,-0.2912065735267928,18.094707351895995,5.3799378248163245,12.714769527079671,69.05794668247819,40.260402210054906,28.797544472423283
MMLTFB33BGQJ7ONEI0VF,none,none,0.663923811125594,0.8696628012611554,-0.2057389901355614,0.4969206222325725,0.7693835098335855,-0.272462887601013,22.022855453552506,1.8925374598851448,20.13031799366736,78.65112840894274,6.0,72.65112840894274
MS11OZHE0BROK9VKMOEV,none,none,0.7596837425899956,0.935074278545288,-0.17539053595529241,0.6124919656994152,0.8780652581740218,-0.2655732924746066,21.64254986732048,1.0063995088983329,20.636150358422146,72.26340706055866,3.7416573867739413,68.52174967378473
MY6ABW1UA1MR8MDHANWE,none,none,0.847839318320146,0.9315106947615781,-0.08367137644143208,0.7358689910195457,0.8718016083031562,-0.1359326172836105,17.0286006745493,1.8397174332542274,15.188883241295072,81.05985421513019,4.123105625617661,76.93674858951253
N4NGBBT16Q282UZV4N8T,none,none,0.7999951238763964,0.835508914809811,-0.03551379093341467,0.6666598943002918,0.7174884594958945,-0.05082856519560264,19.966443523821948,11.400160038117019,8.566283485704929,65.78297615240224,72.24264668462804,-6.4596705322258
NDHTGYOM4FD148VWEWNZ,none,none,0.7174626406362856,0.8029042367988484,-0.08544159616256275,0.559408765287141,0.6707101148297473,-0.11130134954260629,60.32775021768374,39.2992693192884,21.028480898395344,213.3476036873187,221.431705000899,-8.084101313580305
O2ZVEXE0D3QYA5B45XLH,none,none,0.8597569746100605,0.915431370253535,-0.05567439564347454,0.7540120443324276,0.8440511233185231,-0.09003907898609542,10.869743988522272,1.6183438711771199,9.251400117345153,67.14908785679818,6.0,61.149087856798175
OKKIVTFXQIUPULV7MA6M,none,none,0.8935297457995123,0.9340875553369404,-0.04055780953742816,0.8075497216553357,0.8763267189663129,-0.0687769973109772,5.5692116261825415,1.1656759836743842,4.4035356425081575,27.386127875258307,3.1622776601683795,24.22385021508993
ONP2RGD9L4VKKV4TFG56,none,none,0.7748269705844323,0.9134616887684652,-0.13863471818403295,0.6324224839931714,0.8407082192372064,-0.20828573524403504,16.31219891704807,1.4371931990632298,14.875005717984841,63.20680333724463,5.744562646538029,57.4622406907066
P1S3QI5UZLB08BQ9O36Z,none,none,0.8637456446204463,0.9131931744744043,-0.04944752985395795,0.7601692706664445,0.8402534406542493,-0.08008416998780488,9.819813025906313,2.313084303303896,7.506728722602418,55.452682532047085,9.0,46.452682532047085
PFORURSOR4MDVNQ6QFCZ,none,none,0.6748787680333733,0.8813931927014137,-0.20651442466804038,0.5092958679952464,0.787938341650147,-0.2786424736549006,40.422455163817276,9.932920077348411,30.489535086468862,187.83396922672148,18.801581551493513,169.03238767522797
PVXH7YVTMKJ8TU7EQXYR,none,none,0.8662352292610436,0.8832801444989331,-0.017044915237889535,0.7640343496441996,0.7909594695104705,-0.026925119866270886,17.025184627115795,13.434051275264855,3.5911333518509405,104.7807234180028,90.58863049702991,14.192092920972883
S9HMB3CY6737UDPG6TN2,none,none,0.7328617946938558,0.9001532768737711,-0.1672914821799153,0.5783597966070277,0.8184352036937976,-0.2400754070867699,19.246183934140962,2.2412037932566164,17.004980140884346,68.8040696470783,9.273618495495704,59.53045115158259
SXKQQ96IEXC5VZOFAYFN,none,none,0.7668095114875426,0.8864198546927653,-0.11961034320522268,0.6218094597960374,0.7960090330527613,-0.17419957325672386,13.342358483666759,2.631516940158744,10.710841543508014,54.29548784199291,10.0,44.29548784199291
TUU018TS5KUK40V4DRXT,none,none,0.6912500208903175,0.899611358261531,-0.20836133737121354,0.528175764602924,0.8175396620236499,-0.2893638974207259,20.505387071927935,13.88578983123387,6.619597240694064,86.99224061036854,153.50016283837022,-66.50792222800168
UOTC6ZI12583GTMLHKAL,none,none,0.80403978472648,0.9203945451770875,-0.11635476045060755,0.6722964313178206,0.8525286168807471,-0.18023218556292653,17.142949944106615,2.16437940389226,14.978570540214355,77.8793938946967,7.874007874011811,70.0053860206849
WFHG191DWLD2L8BD7CX6,none,none,0.6708686786756339,0.9409603993021408,-0.2700917206265069,0.5047422086232762,0.888503507028529,-0.38376129840525275,38.80372355764357,1.0458121032683962,37.757911454375176,166.6247279660012,3.3166247903554,163.30810317564578
WOUSH4GFU19S1UW1TZL1,none,none,0.7897323611096664,0.9029183502284881,-0.11318598911882172,0.6525270409062195,0.8230183691583375,-0.170491328252118,7.0514320712624,1.576796889203053,5.474635182059346,36.4417343165772,5.656854249492381,30.784880067084817
WP01DLGNFGO38E0YVLSW,none,none,0.8064276960433951,0.9255081144960352,-0.11908041845264006,0.6756420984050537,0.8613449082139394,-0.18570280980888565,10.792647890997694,1.3510885259970586,9.441559365000636,44.654227123532216,3.605551275463989,41.04867584806823
X6X4WSG5012HCI1CRMX3,none,none,0.8445020499413424,0.936195120898566,-0.09169307095722368,0.7308555154931017,0.8800440186825838,-0.14918850318948207,28.424169414688745,3.9315029880065184,24.492666426682227,152.28804935025835,4.0,148.28804935025835
X730E6GWUSAFPYEAH15H,none,none,0.8612315340844064,0.9420653637108937,-0.08083382962648722,0.7562832655292737,0.890475962688352,-0.13419269715907833,12.985357525280246,0.9707537275663436,12.014603797713903,56.00892785976178,2.8284271247461903,53.18050073501559
X8T5SI3H0DZO6R9NQ9G3,none,none,0.843443582047295,0.9364376009603272,-0.09299401891303227,0.7292714552916741,0.8804726472145584,-0.15120119192288428,12.843579872471187,1.0927406105555957,11.75083926191559,55.80322571321482,3.7416573867739413,52.06156832644088
XN0S3BIZP80EK5U2LXV5,none,none,0.8609776780338839,0.9410984413662917,-0.08012076333240781,0.7558918393694979,0.8887496988677427,-0.1328578594982448,17.83142792547819,1.218644797994289,16.6127831274839,75.18510486075998,3.7416573867739413,71.44344747398604
Y17SIT4UVACAM0WNBAWD,none,none,0.8018330787390641,0.9353327285340733,-0.13349964979500928,0.6692165044042652,0.8785211620586643,-0.2093046576543991,13.549826040905899,0.9362455876574506,12.613580453248447,56.234331003393336,2.449489742783178,53.78484126061016
YM0P648I12HKMF5QY4JO,none,none,0.8026971323666607,0.9393811809395496,-0.13668404857288885,0.6704211223959733,0.8856916019760056,-0.21527047958003231,20.992882512594754,0.9745028758192605,20.018379636775492,135.13992735294175,3.0,132.13992735294175
Z4WM2IZVVFPI4NNY9UKZ,none,none,0.7023592782793214,0.8573303627748528,-0.15497108449553132,0.5412586600611526,0.7502871651134349,-0.2090285050522822,27.87772775404745,2.322682961492405,25.555044792555044,111.02522228288579,12.0,99.02522228288579
ZQR579BFRMYBFFBX3Q5M,none,none,0.8059061931362693,0.9118403964299201,-0.10593420329365077,0.6749102863643266,0.8379656747395472,-0.1630553883752206,18.92877077134347,2.2257223546370666,16.7030484167064,79.7057087039567,9.219544457292887,70.48616424666382
