epoch,lr_factor,lr_backbone,lr_head,train_loss,train_accuracy,val_loss,val_accuracy,val_macro_f1
1,1.0,1e-05,0.001,0.9455064818731738,0.672690963554668,1.0461474657058716,0.6062176165803109,0.4246090604255861
2,1.0,1e-05,0.001,0.5378672238415143,0.799800299550674,0.429066002368927,0.8238341968911918,0.6925655228710168
3,0.9931806517013612,9.931806517013612e-06,0.0009931806517013613,0.35127437438925563,0.8747878182725911,0.36971986293792725,0.8756476683937824,0.6732241493998339
4,0.9729086208503173,9.729086208503174e-06,0.0009729086208503173,0.2402853619186389,0.9154268597104344,0.49560120701789856,0.8238341968911918,0.5940180132697571
5,0.9397368756032445,9.397368756032445e-06,0.0009397368756032445,0.1598175632078768,0.9471792311532701,0.4019736647605896,0.8549222797927462,0.7239062663839165
6,0.8945702546981968,8.94570254698197e-06,0.0008945702546981969,0.09703147177079054,0.9691462805791313,0.42030009627342224,0.8704663212435233,0.7906538631712848
7,0.8386407858128706,8.386407858128707e-06,0.0008386407858128706,0.07703956889618176,0.9750374438342486,0.5233847498893738,0.8549222797927462,0.7874615959800241
8,0.7734740790612136,7.734740790612137e-06,0.0007734740790612135,0.05629879403459508,0.981028457314029,0.50419020652771,0.8601036269430051,0.7987180312464047
9,0.7008477123264848,7.008477123264849e-06,0.0007008477123264848,0.05596619548691745,0.981927109335996,0.46878257393836975,0.8549222797927462,0.7679324410693041
10,0.6227427435703996,6.227427435703997e-06,0.0006227427435703996,0.013200233390352992,0.9980029955067399,0.47768864035606384,0.8860103626943006,0.8169110037560584
11,0.5412896727361662,5.412896727361663e-06,0.0005412896727361663,0.006940193957529675,0.9992011982026959,0.47640594840049744,0.8808290155440415,0.8084365724609627
12,0.4587103272638339,4.587103272638339e-06,0.0004587103272638339,0.004133040762887231,0.999600599101348,0.49974194169044495,0.8808290155440415,0.7973256720396309
13,0.37725725642960045,3.7725725642960047e-06,0.00037725725642960046,0.003913379894151979,0.999900149775337,0.49874040484428406,0.8808290155440415,0.8038930617580317
14,0.29915228767351537,2.991522876735154e-06,0.0002991522876735154,0.0024298301889922394,0.999900149775337,0.49526193737983704,0.8808290155440415,0.8084365724609627
15,0.22652592093878665,2.265259209387867e-06,0.00022652592093878665,0.002207015587865034,0.999900149775337,0.49474403262138367,0.8808290155440415,0.8084365724609627
16,0.16135921418712956,1.6135921418712959e-06,0.00016135921418712956,0.0018154571012382712,0.999900149775337,0.5033848285675049,0.8756476683937824,0.7961790768701338
17,0.10542974530180327,1.0542974530180327e-06,0.00010542974530180327,0.00157349988100032,1.0,0.5007636547088623,0.8808290155440415,0.8084365724609627
18,0.06026312439675552,6.026312439675553e-07,6.026312439675552e-05,0.0015131076930125192,1.0,0.5014961361885071,0.8808290155440415,0.8084365724609627
19,0.02709137914968268,2.7091379149682683e-07,2.709137914968268e-05,0.0013899350605862744,1.0,0.50175940990448,0.8808290155440415,0.8084365724609627
20,0.006819348298638839,6.819348298638839e-08,6.819348298638839e-06,0.0013467508972182134,1.0,0.5016937255859375,0.8808290155440415,0.8084365724609627
