epoch,loss,ce_loss,dice_loss,fg_fraction,lr,val_dice,val_jaccard
1,1.2018380790948868,0.4255436070263386,0.7762944743037223,0.09154264517128467,0.0009999726120980734,,
2,1.0128009930253028,0.2802423365414143,0.7325586572289466,0.08777685798704624,0.0009998904513956854,,
3,0.9003367155790329,0.21018235757946968,0.6901543572545051,0.08665041802451015,0.0009997535269026829,,
4,0.844847922027111,0.1686436640098691,0.676204264163971,0.0815654035191983,0.0009995618536343797,,
5,0.751004421710968,0.13753029610961676,0.6134741246700287,0.09128724783658981,0.0009993154526099096,,
6,0.7429018214344978,0.12424129229038954,0.6186605289578437,0.08457148773595691,0.0009990143508499217,,
7,0.6769705131649971,0.11196079459041357,0.5650097161531449,0.09217052767053246,0.0009986585813736167,,
8,0.6382019102573395,0.10410769637674093,0.534094212949276,0.09508158788084983,0.0009982481831951274,,
9,0.6511143788695335,0.10336175449192524,0.5477526292204857,0.09519224846735597,0.0009977832013192385,,
10,0.6572108529508114,0.08750400301069021,0.5697068467736244,0.08571866760030389,0.0009972636867364526,0.753386268768179,0.6186105048087478
11,0.6298023499548435,0.08108578296378255,0.5487165659666061,0.08749672835692764,0.0009966896964173982,,
12,0.6228726550936698,0.08507497226819397,0.5377976819872856,0.0902113421820104,0.000996061293306582,,
13,0.6361565008759499,0.08633187729865313,0.5498246192932129,0.08910828516818584,0.0009953785463154864,,
14,0.6216818884015083,0.07516961814835668,0.5465122699737549,0.08572638323530554,0.0009946415303150131,,
15,0.5639065816998482,0.07034619394689798,0.493560391664505,0.09518594890832902,0.0009938503261272718,,
16,0.5791856564581395,0.07316893450915814,0.5060167193412781,0.09127404745668173,0.0009930050205167178,,
17,0.614490219950676,0.07158576240763068,0.5429044559597969,0.08703630808740855,0.0009921057061806368,,
18,0.6036782488226891,0.07039042413234711,0.5332878261804581,0.0879692411981523,0.0009911524817389807,,
19,0.5624945059418678,0.06512163514271378,0.4973728686571121,0.09166820347309113,0.0009901454517235507,,
20,0.5802771933376789,0.0687115984968841,0.5115655973553658,0.09158584848046303,0.0009890847265665364,0.6862798696070194,0.5312106458140985
21,0.6106814801692962,0.06321073682047426,0.5474707409739494,0.08101979275234043,0.0009879704225884047,,
22,0.5421097449958324,0.05749095710925758,0.4846187874674797,0.09418719727545977,0.000986802661985144,,
23,0.5690038070082665,0.05577657748945057,0.5132272273302079,0.08931948747485877,0.0009855815728148636,,
24,0.5605049736797809,0.05905865081585944,0.501446321606636,0.08922083070501685,0.0009843072889837517,,
25,0.5570033572614193,0.059199462598189714,0.4978038936853409,0.09190137190744281,0.00098297995023139,,
26,0.5934329122304917,0.05712903537787497,0.5363038793206215,0.08250294541940092,0.0009815997021154308,,
27,0.5725562952458858,0.058911275630816815,0.5136450231075287,0.08750618752092124,0.0009801666959956335,,
28,0.5616872124373913,0.05534733855165541,0.5063398718833924,0.08903761515393853,0.000978681089017268,,
29,0.5694282822310924,0.04997714231722057,0.5194511413574219,0.08448520191013813,0.0009771430440938809,,
30,0.5627142123878002,0.051477992860600355,0.5112362176179885,0.08576329983770847,0.0009755527298894299,0.8366348044967212,0.7336588014276744
31,0.5768084533512592,0.05270205377601087,0.5241063967347145,0.08341363328509033,0.0009739103207997887,,
32,0.5482630282640457,0.059617508202791214,0.48864551782608034,0.09059835700318217,0.0009722159969336225,,
33,0.5614910375326871,0.05466871587559581,0.5068223237991333,0.08807944729924203,0.0009704699440926363,,
34,0.5452149048447609,0.053279850026592614,0.491935059428215,0.09025173578411341,0.0009686723537512004,,
35,0.5434366881847381,0.054784899950027464,0.4886517897248268,0.08982985736802221,0.0009668234230353527,,
36,0.5323294878005982,0.051618395303376016,0.4807110920548439,0.09062563753686845,0.0009649233547011821,,
37,0.5332926169037819,0.052490967279300096,0.4808016508817673,0.08944294592365623,0.000962972357112593,,
38,0.5826444931328296,0.047307677241042255,0.5353368178009987,0.0798308345489204,0.0009609706442184566,,
39,0.560344522446394,0.05171909322962165,0.5086254298686981,0.08476475272327662,0.0009589184355291491,,
40,0.5604135878384113,0.04700692119076848,0.5134066700935364,0.08475164277479053,0.0009568159560924797,0.8683057914483037,0.7754251343870215
41,0.5416767671704292,0.051272425474599,0.4904043450951576,0.08934506522491574,0.0009546634364690113,,
42,0.5451281040906906,0.04444729695096612,0.500680810213089,0.08957977918908,0.0009524611127067773,,
43,0.5528103575110436,0.046257883636280896,0.5065524756908417,0.08519186228513717,0.0009502092263153963,,
44,0.5186795942485333,0.046484706457704306,0.4721948891878128,0.08956546010449529,0.0009479080242395872,,
45,0.5074972376227379,0.04693836248479784,0.4605588734149933,0.09318178175017237,0.0009455577588320901,,
46,0.534695053100586,0.049017936270684,0.4856771156191826,0.09046180369332432,0.0009431586878259921,,
47,0.4996270306408405,0.04678810215555131,0.4528389275074005,0.09500836497172713,0.0009407110743064639,,
48,0.5529188543558121,0.04794306899420917,0.5049757823348046,0.08855692883953452,0.0009382151866819102,,
49,0.5196936413645744,0.04814053559675813,0.4715531080961227,0.08888929449021817,0.0009356712986545351,,
50,0.5460435129702091,0.04741462953388691,0.49862888306379316,0.08786073410883546,0.0009330796891903276,0.8449110146611065,0.7361437353992333
51,0.5350250393152237,0.05000436999835074,0.48502066880464556,0.08967841574922204,0.0009304406424884703,,
52,0.5502004742622375,0.04590185675770044,0.5042986169457435,0.0866791656240821,0.0009277544479501735,,
53,0.5402224667370319,0.04759199684485793,0.49263046979904174,0.08841545982286333,0.000925021400146939,,
54,0.5392630904912948,0.04412078564055264,0.49514230638742446,0.08808307349681854,0.000922241798788257,,
55,0.5228144995868206,0.04217445985414088,0.4806400418281555,0.08854862255975604,0.0009194159486887398,,
56,0.5160726279020309,0.04294683039188385,0.47312579602003096,0.08947960576042532,0.0009165441597346951,,
57,0.5197649657726288,0.04382606581784785,0.47593889981508253,0.08694520825520158,0.000913626746850144,,
58,0.5054799184203148,0.04081497364677489,0.4646649420261383,0.09217133270576597,0.0009106640299622855,,
59,0.5375181004405022,0.04692849265411496,0.4905896097421646,0.09125124467536808,0.0009076563339664131,,
60,0.5444852724671364,0.043664995953440665,0.5008202776312828,0.0881598548963666,0.0009046039886902866,0.8510509337696226,0.7618532393104017
61,0.5453441679477692,0.038942914153449235,0.506401251256466,0.08148780958727002,0.000901507328857962,,
62,0.5279906541109085,0.043965048436075446,0.4840256080031395,0.0906228270381689,0.0008983666940530862,,
63,0.5187066115438939,0.050122480094432834,0.46858413368463514,0.09218102814629674,0.0008951824286816575,,
64,0.5001955773681402,0.04371701050549746,0.45647856742143633,0.0924540844745934,0.0008919548819342572,,
65,0.5401922516524792,0.036272314563393596,0.5039199367165565,0.08148724189959466,0.0008886844077477572,,
66,0.5042955815792084,0.04358692392706871,0.46070865392684934,0.09270607335492968,0.0008853713647665069,,
67,0.5244738414883614,0.040951483347453174,0.4835223540663719,0.08845614935271442,0.000882016116303004,,
68,0.5225346088409424,0.0419232543092221,0.48061135560274126,0.08531812513247132,0.0008786190302980524,,
69,0.3970292415469885,0.04683163450099528,0.35019760578870773,0.09069248074665666,0.0008751804792804147,,
70,0.20702613219618798,0.05777545347809791,0.14925067871809006,0.09067738028243184,0.0008717008403259585,0.8181854598767953,0.6993832177789628
71,0.19938233811408282,0.05320316045545041,0.14617917835712432,0.0881812465377152,0.0008681804950163073,,
72,0.21480818875133992,0.06352045233361422,0.15128773599863052,0.08739124462008477,0.0008646198293969952,,
73,0.25797520242631433,0.06981153422966599,0.1881636694073677,0.09955467903055251,0.000861019233935132,,
74,0.20907222852110863,0.058356532081961635,0.15071569830179216,0.09178363159298897,0.0008573791034765854,,
75,0.19447304122149944,0.06440462907776237,0.13006841093301774,0.08928336529061198,0.0008536998372026806,,
76,0.18566573020070792,0.05686646555550397,0.12879926562309266,0.09144692877307534,0.0008499818385864263,,
77,0.1989355470985174,0.06006488334387541,0.1388706624507904,0.09277710523456335,0.0008462255153482683,,
78,0.159184106066823,0.04497694768942893,0.11420715749263763,0.08613352477550507,0.0008424312794113801,,
79,0.16894368110224606,0.04617582920473069,0.12276785224676132,0.08795651444233954,0.0008385995468564891,,
80,0.1739506154321134,0.052295557921752334,0.1216550588607788,0.09295858945697547,0.0008347307378762498,0.8705214963063014,0.7825309314552585
81,0.15637820698320865,0.04853015588596463,0.10784805119037628,0.09145575119182467,0.0008308252767291642,,
82,0.18634703680872916,0.05488855163566768,0.13145848512649536,0.09445533836260438,0.0008268835916930579,,
83,0.19330166559666395,0.051949946722015736,0.14135171920061113,0.08927328139543533,0.0008229061150181134,,
84,0.2070382167585194,0.055390983284451065,0.15164723247289658,0.09360195007175207,0.0008188932828794706,,
85,0.16020368784666061,0.04594355178996921,0.11426013708114624,0.08774545872583986,0.0008148455353293939,,
86,0.14418161045759917,0.04017274617217481,0.10400886535644531,0.08091939371079207,0.0008107633162490162,,
87,0.15716593377292157,0.04653158904984593,0.11063434481620789,0.08224898281041533,0.0008066470732996619,,
88,0.18107049409300088,0.04802891165018082,0.1330415815114975,0.08958547571673989,0.0008024972578737564,,
89,0.16156963529065252,0.04570366870611906,0.11586596816778183,0.087983294762671,0.0007983143250453251,,
90,0.15113318786025048,0.04124618484638631,0.1098870038986206,0.08476796820759773,0.0007940987335200903,0.869432400827615,0.7908040038117257
91,0.17264609225094318,0.044056006148457526,0.12859008461236954,0.08808617377653719,0.000789850945585168,,
92,0.17593315485864877,0.04777036011219025,0.12816279530525207,0.08638214459642768,0.0007855714270583737,,
93,0.1592699743807316,0.04910436253994703,0.11016561239957809,0.08643685448914766,0.0007812606472371393,,
94,0.16011086702346802,0.04120549662038684,0.11890536844730377,0.07942814668640494,0.0007769190788470504,,
95,0.16287426687777043,0.04428112898021937,0.11859313696622849,0.0833905414212495,0.000772547197990006,,
96,0.1625492511317134,0.04323578509502113,0.11931346505880355,0.09323337199166418,0.0007681454840920087,,
97,0.14937401227653027,0.03978494498878717,0.10958906710147857,0.08640191284939647,0.0007637144198505905,,
98,0.16656231097877025,0.0447063360363245,0.1218559741973877,0.08498425530269742,0.0007592544911818786,,
99,0.15082233343273402,0.04324867455288768,0.10757365822792053,0.08966573514044285,0.0007547661871673105,,
100,0.15177102517336608,0.040320552233606574,0.1114504724740982,0.08247762182727456,0.00075025,0.8526583990134625,0.7539062278805724
101,0.1524424751289189,0.04507285379804671,0.10736962109804153,0.08999755596742035,0.0007457064249307629,,
102,0.1618771300651133,0.04771518427878618,0.11416194587945938,0.08971220664680005,0.0007411359602138069,,
103,0.1600028549320996,0.04603561102412641,0.11396724283695221,0.0887778808362782,0.0007365391070520927,,
104,0.17028684364631771,0.04867823296226561,0.12160861045122147,0.08953310837969183,0.0007319163695423712,,
105,0.17854713201522826,0.046493819123134016,0.13205331265926362,0.09227335024625063,0.0007272682546199038,,
106,0.13412224892526864,0.037728020502254364,0.0963942289352417,0.09129025433212519,0.0007225952720028714,,
107,0.1485754784196615,0.03878560238517821,0.10978987514972686,0.09342355486005545,0.0007178979341364778,,
108,0.15894773397594691,0.04690967202186584,0.11203806102275848,0.08994900891557336,0.000713176756136754,,
109,0.15430159736424684,0.04391903968062252,0.1103825569152832,0.09174175607040524,0.0007084322557340706,,
110,0.15612933300435544,0.04322029035538435,0.11290904283523559,0.09143011858686804,0.0007036649532163623,0.8784988381884558,0.7907624875676531
111,0.14325428679585456,0.04113366971723735,0.10212061703205108,0.09237115904688835,0.000698875371372073,,
112,0.1628844289109111,0.04258417165838182,0.12030025720596313,0.09313694406300783,0.0006940640354328256,,
113,0.17765292394906282,0.04077577535063028,0.1368771493434906,0.08472118698991835,0.0006892314730158245,,
114,0.15229185689240693,0.038810805836692455,0.1134810522198677,0.0839342447463423,0.0006843782140659969,,
115,0.16121220253407956,0.042598616098985076,0.1186135858297348,0.08493799045681953,0.0006795047907978775,,
116,0.15247727800160646,0.04283340806141496,0.1096438705921173,0.09272606484591961,0.0006746117376372468,,
117,0.1306903482414782,0.037684622779488565,0.09300572574138641,0.08395229028537869,0.0006696995911625233,,
118,0.15658136792480945,0.04138511219061911,0.11519625633955002,0.08647354356944562,0.0006647688900459224,,
119,0.15792144387960433,0.041865067975595596,0.11605637520551682,0.09242310086265207,0.000659820174994386,,
120,0.12855622377246617,0.03728184858337045,0.09127437472343444,0.08500149715691804,0.0006548539886902864,0.8782243815486069,0.7885318121294984
121,0.16122295539826154,0.0391489549074322,0.12207400053739548,0.08694577692076563,0.0006498708757319155,,
122,0.13468431178480386,0.03988772933371365,0.09479658156633378,0.09531008135527372,0.0006448713825737638,,
123,0.14395687533542514,0.04298988915979862,0.10096698701381683,0.08836072040721774,0.0006398560574665953,,
124,0.15257990937680005,0.04594160090200603,0.10663830786943436,0.09068962065503001,0.0006348254503973254,,
125,0.14998061060905457,0.03909387295134366,0.11088673919439315,0.08951240573078394,0.0006297801130287095,,
126,0.11405503554269672,0.03395095048472285,0.0801040843129158,0.0824134555645287,0.0006247205986388451,,
127,0.14068207424134016,0.03999964674003422,0.10068242698907852,0.0946937894448638,0.0006196474620605014,,
128,0.15317385736852884,0.03746115113608539,0.11571270674467087,0.08761335648596287,0.0006145612596202728,,
129,0.1409261031076312,0.03609200902283192,0.10483409464359283,0.08859129110351205,0.0006094625490775733,,
130,0.1299404138699174,0.034348708135075866,0.09559170603752136,0.08408861570060253,0.000604351889563471,0.8840820171075882,0.8040833561049279
131,0.11702473983168601,0.035494637419469656,0.08153010308742523,0.09155936883762479,0.0005992298415193736,,
132,0.14095051791518926,0.036806370876729486,0.10414414703845978,0.087643685285002,0.0005940969666355697,,
133,0.14719376396387815,0.04295758362859488,0.10423618108034134,0.09158159932121634,0.000588953827789632,,
134,0.1394008698873222,0.035259277536533774,0.10414159148931504,0.08155436567030847,0.0005838009889846932,,
135,0.14249686058610678,0.043998827179893854,0.09849803298711776,0.08985180836170911,0.0005786390152875954,,
136,0.13275771550834178,0.03690624968148768,0.09585146605968475,0.08935456341132522,0.0005734684727669247,,
137,0.16531461253762245,0.03767566098831594,0.12763895094394684,0.08214326333254576,0.0005682899284309351,,
138,0.13381776437163354,0.03631113660521805,0.09750662744045258,0.08375405315309763,0.00056310395016537,,
139,0.12519135745242238,0.03374537059571594,0.09144598692655563,0.0867865446023643,0.000557911106671187,,
140,0.12383310496807098,0.033990403590723875,0.08984270095825195,0.08516224855557084,0.0005527119674021931,0.8783820524477038,0.7936455575547886
141,0.1498598107136786,0.03766145594418049,0.11219835430383682,0.08944422472268343,0.000547507102502598,,
142,0.13050777111202477,0.036903190426528454,0.09360458105802535,0.09096980774775147,0.0005422970827444917,,
143,0.12661706004291773,0.034138220641762015,0.09247884005308152,0.0885656125843525,0.0005370824794652521,,
144,0.11950701335445046,0.03450709641911089,0.08499991744756699,0.08863724200055004,0.0005318638645048922,,
145,0.10938652725890279,0.03113925443030894,0.07824727296829223,0.08116424502804875,0.0005266418101433506,,
146,0.12557296138256788,0.034356248052790764,0.09121671319007874,0.08847447065636516,0.0005214168890377354,,
147,0.13544987589120866,0.03272740659303963,0.10272246897220612,0.08586299112066627,0.0005161896741595251,,
148,0.13638492887839676,0.035383740742690864,0.10100118815898895,0.08656227346509696,0.0005109607387317369,,
149,0.13370885532349347,0.03663917339872569,0.0970696821808815,0.09473954401910305,0.0005057306561660649,,
150,0.12969442317262292,0.036968839424662295,0.09272558391094207,0.09206054108217358,0.0005005000000000001,0.8820758778852177,0.7981332174875206
151,0.12909879703074695,0.035844061500392856,0.09325473606586457,0.09115830902010202,0.0004952693438339353,,
152,0.11032564071938396,0.03327155718579888,0.07705408483743667,0.08443129840306937,0.0004900392612682634,,
153,0.1378397883847356,0.04218909407500178,0.09565069526433945,0.08948400039225816,0.00048481032584047495,,
154,0.13155394699424505,0.034897953551262614,0.09665599316358567,0.08929933113977313,0.0004795831109622648,,
155,0.12576727876439692,0.03416803213767707,0.09159924685955048,0.08697162196040154,0.0004743581898566495,,
156,0.10851024324074388,0.03327545025385916,0.0752347931265831,0.09177520060911774,0.00046913613549510807,,
157,0.13234648397192358,0.03468962123151868,0.09765686243772506,0.0881641149520874,0.00046391752053474806,,
158,0.12782818814739585,0.03499714168719947,0.09283104687929153,0.08483242504298687,0.0004587029172555084,,
159,0.13658326929435133,0.032129820762202145,0.10445344895124435,0.0841845653951168,0.0004534928974974021,,
160,0.12422644253820181,0.037596358079463245,0.08663008362054825,0.09406207222491503,0.0004482880325978072,0.8863556053232287,0.8071782164131426
161,0.13287416072562336,0.03476794152520597,0.0981062188744545,0.08953556828200818,0.0004430888933288132,,
162,0.12664305055513977,0.03466066152323037,0.09198238849639892,0.089865642786026,0.0004378960498346301,,
163,0.12830977309495212,0.03708379194140434,0.0912259802222252,0.09533729450777173,0.000432710071569065,,
164,0.1142336456105113,0.031241268129087986,0.08299237787723542,0.08923353659920394,0.0004275315272330756,,
165,0.10660963142290711,0.030277705052867532,0.076331926882267,0.08475659806281328,0.0004223609847124048,,
166,0.11364420857280493,0.032954676123335955,0.08068953305482865,0.09248038427904248,0.0004171990110153068,,
167,0.13054386181756855,0.02996475014369935,0.1005791112780571,0.0796979925595224,0.00041204617221036815,,
168,0.11074511492624879,0.030090524209663273,0.08065458983182908,0.0850206783041358,0.00040690303336443054,,
169,0.13208582773804664,0.035919525846838954,0.09616630226373672,0.09303609104827046,0.00040177015848062643,,
170,0.1408581543713808,0.0378017925657332,0.1030563622713089,0.09809474069625139,0.00039664811043652916,0.8887668807290389,0.8076609427175878
171,0.1330542504787445,0.031424619583413006,0.10162962973117828,0.08571368376724423,0.000391537450922427,,
172,0.11850931458175182,0.031000654539093377,0.08750866055488586,0.08493640869855881,0.00038643874037972754,,
173,0.11044413074851037,0.0313175949966535,0.07912653535604477,0.08857438638806343,0.00038135253793949894,,
174,0.11884981384500862,0.03195688999257982,0.08689292371273041,0.09194711716845631,0.0003762794013611551,,
175,0.12061986904591322,0.03116800179705024,0.08945186734199524,0.08527044588699936,0.00037121988697129095,,
176,0.15365145560353993,0.03133863094262779,0.12231282442808152,0.08496550852432846,0.00036617454960267493,,
177,0.10780439898371696,0.03393721482716501,0.07386718392372131,0.08988449340686203,0.0003611439425334049,,
178,0.14082560930401086,0.035577250504866244,0.10524835884571075,0.09540372770279645,0.0003561286174262363,,
179,0.12929716361686588,0.03443003608845174,0.0948671281337738,0.092006142064929,0.0003511291242680847,,
180,0.11236216146498919,0.03243436235934496,0.07992779910564422,0.09315558299422264,0.0003461460113097137,0.8639325784963479,0.793017766928561
181,0.1265988658182323,0.03425479209981859,0.09234407395124436,0.08956009251996874,0.00034117982500561395,,
182,0.10804634205996991,0.03356750872917473,0.0744788333773613,0.08985049556940794,0.00033623110995407757,,
183,0.11269688745960593,0.03158090515062213,0.08111598193645478,0.08444764651358128,0.00033130040883747687,,
184,0.11467291582375765,0.03146367627196014,0.08320924043655395,0.08466740464791656,0.0003263882623627533,,
185,0.11311011910438537,0.030763286538422106,0.08234683275222779,0.0859991735778749,0.00032149520920212257,,
186,0.12813079888001083,0.033089688047766685,0.09504110962152482,0.08923701783642173,0.00031662178593400343,,
187,0.11018633209168911,0.03205301726702601,0.07813331484794617,0.08705415977165103,0.00031176852698417556,,
188,0.12755733858793974,0.03285546815022826,0.0947018712759018,0.08771239267662168,0.00030693596456717455,,
189,0.11664442149922252,0.03223301288671791,0.08441140949726104,0.09167896592989563,0.00030212462862792697,,
190,0.12647529905661942,0.03150776969268918,0.09496752917766571,0.08870931761339307,0.00029733504678363775,0.8856890253636687,0.8084148957876337
191,0.11982539612799883,0.033317931042984125,0.08650746494531632,0.0956407499499619,0.0002925677442659297,,
192,0.13562773559242486,0.03313892334699631,0.1024888128042221,0.08773496155627072,0.0002878232438632462,,
193,0.12617214694619178,0.03494879542849958,0.0912233516573906,0.09357858272269368,0.00028310206586352245,,
194,0.10668947212398053,0.0322420155396685,0.07444745600223542,0.09198173759505153,0.00027840472799712883,,
195,0.12028327155858279,0.03122431996744126,0.08905895203351974,0.08920570928603411,0.0002737317453800964,,
196,0.12993705561384558,0.027470820117741823,0.10246623456478118,0.0809599812142551,0.0002690836304576292,,
197,0.12539621628820896,0.031187290465459226,0.09420892596244812,0.09074352355673909,0.00026446089294790756,,
198,0.10717203598469496,0.02994660083204508,0.07722543478012085,0.08737944895401598,0.0002598640397861931,,
199,0.11181718623265624,0.031205985974520446,0.08061120063066482,0.09359629964455962,0.00025529357506923715,,
200,0.10849810224026442,0.030608217464759946,0.07788988500833512,0.08796877483837306,0.0002507499999999999,0.8766180009801433,0.802489629396913
201,0.11655501257628202,0.032078688777983186,0.0844763234257698,0.09290150161832571,0.0002462338128326895,,
202,0.10809129141271115,0.029475958598777652,0.0786153331398964,0.08987973849289119,0.00024174550881812148,,
203,0.1145984643138945,0.032812717463821174,0.08178574740886688,0.09632961861789227,0.0002372855801494095,,
204,0.12304280139505863,0.029362597735598683,0.09368020296096802,0.08854699516668915,0.00023285451590799124,,
205,0.13660597763955593,0.03220239952206612,0.10440357774496078,0.09693293971940875,0.0002284528020099941,,
206,0.12893556170165538,0.02968354120384902,0.0992520198225975,0.08463924117386341,0.0002240809211529496,,
207,0.09340767804533243,0.027256800886243583,0.06615087687969208,0.08211226053535939,0.00021973935276286082,,
208,0.125500326231122,0.030039374553598463,0.09546095132827759,0.08904859768226743,0.00021542857294162636,,
209,0.11013989271596074,0.02916585325729102,0.08097403943538665,0.08883539550006389,0.00021114905441483182,,
210,0.12389957997947931,0.02879310739226639,0.0951064720749855,0.08678590087220073,0.00020690126647990968,0.8787418723066823,0.8041133393185961
211,0.10108313765376806,0.026852080854587256,0.07423105686903,0.08020692151039839,0.00020268567495467478,,
212,0.11772438809275627,0.030834079487249255,0.08689030855894089,0.0859989863820374,0.0001985027421262437,,
213,0.11098245102912188,0.02963619036599994,0.08134626001119613,0.08786057252436877,0.0001943529267003383,,
214,0.11228508045896887,0.02906317764427513,0.08322190195322036,0.08550793696194887,0.00019023668375098396,,
215,0.10509435767307877,0.02842194528784603,0.07667241245508194,0.0876699817366898,0.00018615446467060623,,
216,0.12074116207659244,0.030450080055743456,0.0902910828590393,0.09126514457166195,0.0001821067171205294,,
217,0.11190615631639958,0.02954461008775979,0.08236154615879059,0.08691060021519662,0.0001780938849818867,,
218,0.1266100156120956,0.02838340853340924,0.09822660684585571,0.08525693817064166,0.00017411640830694239,,
219,0.11678815567865967,0.02868007104843855,0.08810808509588242,0.08382971836254001,0.0001701747232708357,,
220,0.09428760204464197,0.027953721443191172,0.06633388102054597,0.08522371193394065,0.00016626926212375023,0.8756151689607282,0.8015365219501124
221,0.11806783555075526,0.02870584756601602,0.08936198800802231,0.08603388797491789,0.00016240045314351093,,
222,0.11087456913664936,0.029902809346094728,0.08097176104784012,0.09165718900039792,0.0001585687205886199,,
223,0.10807155258953571,0.029448999231681226,0.07862255424261093,0.08977309786714613,0.0001547744846517318,,
224,0.1023930567316711,0.031114352191798388,0.07127870470285416,0.09060689983889461,0.00015101816141357386,,
225,0.09981679283082485,0.02931087340693921,0.07050591856241226,0.0892624550499022,0.0001473001627973195,,
226,0.10371344601735473,0.027528579998761415,0.0761848658323288,0.0845091282390058,0.0001436208965234148,,
227,0.11035741083323955,0.028840549243614077,0.08151686191558838,0.08928294191136957,0.00013998076606486806,,
228,0.10979565512388945,0.027193794562481343,0.08260186016559601,0.08818287672474981,0.000136380170603005,,
229,0.09966416787356139,0.029431970813311635,0.07023219764232635,0.09169794833287596,0.00013281950498369283,,
230,0.10590109890326857,0.026547874417155982,0.07935322523117065,0.0837469088844955,0.0001292991596740415,0.8717168122261392,0.8006051096867018
231,0.11182622322812677,0.02772743790410459,0.08409878462553025,0.08890337282791734,0.00012581952071958542,,
232,0.10564270671457052,0.02902109322603792,0.076621612906456,0.08950900351628661,0.00012238096970194773,,
233,0.10434183524921536,0.028942294092848896,0.07539954185485839,0.08898113090544939,0.00011898388369699619,,
234,0.10690218694508076,0.028629441233351826,0.078272745013237,0.09086918318644166,0.00011562863523349331,,
235,0.1119069959037006,0.027597240125760435,0.08430975675582886,0.08903448372147978,0.00011231559225224303,,
236,0.11609551962465048,0.030315249552950264,0.08578027039766312,0.09586414927616715,0.00010904511806574305,,
237,0.10419888822361827,0.026672510686330496,0.07752637714147567,0.0868692621588707,0.00010581757131834274,,
238,0.10795158399268985,0.029690501699224114,0.07826108187437057,0.09501056652516127,0.00010263330594691395,,
239,0.11099967807531357,0.029654840659350156,0.08134483844041825,0.09244047706015408,9.949267114203836e-05,,
240,0.09990337677299976,0.02814379383344203,0.07175958305597305,0.08825884852558374,9.639601130971379e-05,0.8784970516833269,0.8088642804672512
241,0.10621865158900619,0.028162809484638274,0.07805584222078324,0.08902053711935878,9.33436660335871e-05,,
242,0.09439449356868863,0.029014643188565968,0.06537985056638718,0.09069976797327399,9.033597003771482e-05,,
243,0.102590471226722,0.03070042827166617,0.07189004272222518,0.09011485921218991,8.737325314985631e-05,,
244,0.10410427963361144,0.028276085527613758,0.07582819312810898,0.08963924078270794,8.445584026530532e-05,,
245,0.10858808015473187,0.027827734663151204,0.08076034635305404,0.08899085633456708,8.158405131126074e-05,,
246,0.09451547209173441,0.02723761214874685,0.06727785915136338,0.0845798987429589,7.875820121174347e-05,,
247,0.10547838527709245,0.026663736114278434,0.07881464958190917,0.08197407107800245,7.597859985306155e-05,,
248,0.09918166771531105,0.028496912377886475,0.07068475484848022,0.08820099299773573,7.324555204982696e-05,,
249,0.10543566178530454,0.02780075017362833,0.07763491123914719,0.0854930997826159,7.055935751153021e-05,,
250,0.11096163736656309,0.029216511407867074,0.08174512535333633,0.0898870324715972,6.792031080967299e-05,0.877643524774666,0.8063464581020995
251,0.10150152696296573,0.028943257080391048,0.07255827039480209,0.09386346945539117,6.532870134546531e-05,,
252,0.10410884264856576,0.0260096272919327,0.07809921503067016,0.07983205961063504,6.278481331809015e-05,,
253,0.10139927733689547,0.026488722814247013,0.07491055428981781,0.08254610262811184,6.028892569353643e-05,,
254,0.0986236716620624,0.028137892368249595,0.07048577964305877,0.0892519373446703,5.784131217400825e-05,,
255,0.10692547527141869,0.02620272575877607,0.08072274923324585,0.08176877107471228,5.5442241167910304e-05,,
256,0.10233056731522083,0.028930818778462708,0.07339974790811539,0.09375215722247958,5.309197576041338e-05,,
257,0.10781316887587308,0.028032589121721685,0.07978058010339736,0.08916020700708031,5.0790773684604345e-05,,
258,0.09636927787214518,0.029500508843921126,0.06686876863241195,0.09564411472529173,4.853888729322334e-05,,
259,0.11141131045296788,0.03075255239382386,0.08065875768661498,0.0954856438562274,4.633656353098928e-05,,
260,0.100624327827245,0.027124596387147905,0.07349973171949387,0.08435552092269064,4.418404390752093e-05,0.8707372874329733,0.8034500178147297
261,0.09841440031304956,0.028680174169130622,0.069734226167202,0.09177600899711251,4.208156447085154e-05,,
262,0.09563957946375012,0.02656419554259628,0.06907538324594498,0.08689049482345582,4.002935578154395e-05,,
263,0.09943408006802201,0.02865572227165103,0.0707783579826355,0.09165479335933924,3.802764288740764e-05,,
264,0.09826749041676522,0.0274983745533973,0.07076911479234696,0.08761096652597189,3.607664529881846e-05,,
265,0.08876201817765832,0.025024552829563618,0.06373746544122696,0.08327094493433833,3.4176576964647736e-05,,
266,0.10642690220847725,0.026813046354800463,0.07961385548114777,0.08636942263692618,3.2327646248800225e-05,,
267,0.10459907110780478,0.026425272016786037,0.07817379981279374,0.08454201375134289,3.053005590736439e-05,,
268,0.10216703983023763,0.02740125691052526,0.0747657835483551,0.08634677482768893,2.8784003066378248e-05,,
269,0.10049609504640103,0.02550365312490612,0.07499244213104247,0.07915562009438873,2.708967920021202e-05,,
270,0.09337574411183595,0.027183880168013274,0.06619186401367187,0.09014091780409217,2.5447270110570818e-05,0.879636512160852,0.8079425108261951
271,0.10684184413403272,0.02735352641902864,0.07948831766843796,0.08820649348199368,2.3856955906119732e-05,,
272,0.11165100885555149,0.02806295983027667,0.08358804881572723,0.0897090945392847,2.2318910982732418e-05,,
273,0.10799110624939204,0.028880800167098642,0.07911030650138855,0.0929471304640174,2.0833304004366946e-05,,
274,0.10589327830821275,0.02806892099324614,0.07782435715198517,0.08602009024471044,1.9400297884569785e-05,,
275,0.10492332270368934,0.02660378157161176,0.07831954061985016,0.08635367825627327,1.8020049768610386e-05,,
276,0.10263162720948457,0.02665729837026447,0.07597432881593705,0.0884856941178441,1.6692711016248786e-05,,
277,0.10114522418007255,0.02665148798841983,0.07449373602867126,0.08638745127245784,1.541842718513684e-05,,
278,0.09482345227152109,0.02711568879894912,0.06770776361227035,0.08994804136455059,1.4197338014856439e-05,,
279,0.0974045505747199,0.02747876215726137,0.06992578804492951,0.09056841060519219,1.3029577411595715e-05,,
280,0.1071737757883966,0.027702378551475705,0.07947139739990235,0.09051577225327492,1.1915273433464115e-05,0.8779773217188488,0.8068202712533189
281,0.0959753580391407,0.026509408187121154,0.06946595013141632,0.08783780271187425,1.0854548276449986e-05,,
282,0.09694247022271156,0.028181015234440564,0.0687614545226097,0.0900400065816939,9.847518261020041e-06,,
283,0.09585456643253565,0.027360576065257193,0.0684939906001091,0.08820685362443328,8.894293819363682e-06,,
284,0.0895687349140644,0.026810465124435724,0.06275826990604401,0.0862865312024951,7.994979483282762e-06,,
285,0.09992979788221419,0.0262622341979295,0.07366756349802017,0.08343041352927685,7.14967387272874e-06,,
286,0.10810488807037473,0.027450380381196737,0.08065450787544251,0.09077674187719822,6.358469684987329e-06,,
287,0.1136962634511292,0.02743399506434798,0.08626226782798767,0.08431316213682294,5.621453684513923e-06,,
288,0.10351685527712107,0.02774103223346174,0.0757758229970932,0.09108645236119628,4.938706693418357e-06,,
289,0.0976528157480061,0.027416269993409514,0.07023654580116272,0.08895032214932144,4.310303582601976e-06,,
290,0.10005636829882861,0.026830979133956136,0.07322538942098618,0.08796904822811484,3.736313263547492e-06,0.8761846368615975,0.8058713978666215
291,0.10065339151769877,0.02816784498281777,0.07248554676771164,0.09171734414994717,3.2167986807615425e-06,,
292,0.10472326055169105,0.027402064856141807,0.07732119560241699,0.08758041290566325,2.7518168048725676e-06,,
293,0.10313847772777081,0.02590885430108756,0.07722962349653244,0.08559237215667963,2.3414186263831814e-06,,
294,0.10334054715931415,0.028419164754450322,0.07492138296365738,0.09121098611503839,1.9856491500783564e-06,,
295,0.10713888891041279,0.029105902067385614,0.0780329868197441,0.09574959790334106,1.6845473900903703e-06,,
296,0.10477465558797121,0.0264729151269421,0.07830173969268799,0.08863943689502776,1.4381463656202375e-06,,
297,0.09764549937099218,0.026305179065093397,0.07134032100439072,0.0884442925453186,1.2464730973170658e-06,,
298,0.10456008035689593,0.027516005933284758,0.07704407423734665,0.08686218056827784,1.109548604314673e-06,,
299,0.09499436868354678,0.026684401324018836,0.06830996721982956,0.08658142378553749,1.0273879019266845e-06,,
300,0.11560985641553997,0.02773850141093135,0.08787135481834411,0.08642468098551034,1e-06,0.8750672694304097,0.8051594409602124
